{"project_info":{"project_id":"prismatic-canto-589","project_number":"397342269937","name":"Mapa"},"client":[{"client_info":{"client_id":"android:com.ice.toaqui","client_type":1,"android_client_info":{"package_name":"com.ice.toaqui"}},"oauth_client":[{"client_id":"397342269937-h6bctparlp64ueni2173rpofmmt6hvvf.apps.googleusercontent.com","client_type":1,"android_info":{"package_name":"com.ice.toaqui","certificate_hash":"cc19832eca188b3afa31f39243d6003ddb16acda"}}],"api_key":[],"services":{"analytics_service":{"status":1},"cloud_messaging_service":{"status":1,"apns_config":[]},"appinvite_service":{"status":1,"other_platform_oauth_client":[]},"google_signin_service":{"status":2},"ads_service":{"status":1}}}],"client_info":[],"ARTIFACT_VERSION":"1"}